Hour,mean_load
Hour_0,34740.99999999999
Hour_1,34740.99999999999
Hour_2,34740.99999999999
Hour_3,34740.99999999999
Hour_4,34740.99999999999
Hour_5,34740.99999999999
Hour_6,34740.99999999999
Hour_7,0.0
Hour_8,0.0
Hour_9,0.0
Hour_10,0.0
Hour_11,0.0
Hour_12,0.0
Hour_13,0.0
Hour_14,0.0
Hour_15,0.0
Hour_16,0.0
Hour_17,0.0
Hour_18,0.0
Hour_19,0.0
Hour_20,34740.99999999999
Hour_21,34740.99999999999
Hour_22,34740.99999999999
Hour_23,34740.99999999999
